"Problem","Severity","Normalized Severity","File","Line","Column","Rule","Description","URL","Category","Engine"
"1","2","1","/home/runner/work/DevVillaTest2/DevVillaTest2/force-app/main/default/lwc/fetchProjectDetails/fetchProjectDetails.js","1","14","comma-spacing","A space is required after ','.","https://eslint.org/docs/latest/rules/comma-spacing","layout","eslint-lwc"
"2","2","1","/home/runner/work/DevVillaTest2/DevVillaTest2/force-app/main/default/lwc/fetchProjectDetails/fetchProjectDetails.js","1","15","sort-imports","Member 'api' of the import declaration should be sorted alphabetically.","https://eslint.org/docs/latest/rules/sort-imports","suggestion","eslint-lwc"
"3","2","1","/home/runner/work/DevVillaTest2/DevVillaTest2/force-app/main/default/lwc/fetchProjectDetails/fetchProjectDetails.js","1","36","object-curly-spacing","There should be no space before '}'.","https://eslint.org/docs/latest/rules/object-curly-spacing","layout","eslint-lwc"
"4","2","1","/home/runner/work/DevVillaTest2/DevVillaTest2/force-app/main/default/lwc/fetchProjectDetails/fetchProjectDetails.js","1","44","quotes","Strings must use doublequote.","https://eslint.org/docs/latest/rules/quotes","layout","eslint-lwc"
"5","2","1","/home/runner/work/DevVillaTest2/DevVillaTest2/force-app/main/default/lwc/fetchProjectDetails/fetchProjectDetails.js","2","9","object-curly-spacing","There should be no space after '{'.","https://eslint.org/docs/latest/rules/object-curly-spacing","layout","eslint-lwc"
"6","2","1","/home/runner/work/DevVillaTest2/DevVillaTest2/force-app/main/default/lwc/fetchProjectDetails/fetchProjectDetails.js","2","24","object-curly-spacing","There should be no space before '}'.","https://eslint.org/docs/latest/rules/object-curly-spacing","layout","eslint-lwc"
"7","2","1","/home/runner/work/DevVillaTest2/DevVillaTest2/force-app/main/default/lwc/fetchProjectDetails/fetchProjectDetails.js","2","32","quotes","Strings must use doublequote.","https://eslint.org/docs/latest/rules/quotes","layout","eslint-lwc"
"8","2","1","/home/runner/work/DevVillaTest2/DevVillaTest2/force-app/main/default/lwc/fetchProjectDetails/fetchProjectDetails.js","3","1","max-len","This line has a length of 97. Maximum allowed is 80.","https://eslint.org/docs/latest/rules/max-len","layout","eslint-lwc"
"9","2","1","/home/runner/work/DevVillaTest2/DevVillaTest2/force-app/main/default/lwc/fetchProjectDetails/fetchProjectDetails.js","3","36","quotes","Strings must use doublequote.","https://eslint.org/docs/latest/rules/quotes","layout","eslint-lwc"
"10","2","1","/home/runner/work/DevVillaTest2/DevVillaTest2/force-app/main/default/lwc/fetchProjectDetails/fetchProjectDetails.js","4","24","quotes","Strings must use doublequote.","https://eslint.org/docs/latest/rules/quotes","layout","eslint-lwc"
"11","2","1","/home/runner/work/DevVillaTest2/DevVillaTest2/force-app/main/default/lwc/fetchProjectDetails/fetchProjectDetails.js","5","16","@lwc/lwc/consistent-component-name","Lightning component class should be named ""FetchProjectDetails"".","https://github.com/salesforce/eslint-plugin-lwc/blob/v1.6.3/docs/rules/consistent-component-name.md","problem","eslint-lwc"
"12","2","1","/home/runner/work/DevVillaTest2/DevVillaTest2/force-app/main/default/lwc/fetchProjectDetails/fetchProjectDetails.js","5","67","padded-blocks","Block must be padded by blank lines.","https://eslint.org/docs/latest/rules/padded-blocks","layout","eslint-lwc"
"13","2","1","/home/runner/work/DevVillaTest2/DevVillaTest2/force-app/main/default/lwc/fetchProjectDetails/fetchProjectDetails.js","7","5","lines-between-class-members","Expected blank line between class members.","https://eslint.org/docs/latest/rules/lines-between-class-members","layout","eslint-lwc"
"14","2","1","/home/runner/work/DevVillaTest2/DevVillaTest2/force-app/main/default/lwc/fetchProjectDetails/fetchProjectDetails.js","7","33","quotes","Strings must use doublequote.","https://eslint.org/docs/latest/rules/quotes","layout","eslint-lwc"
"15","2","1","/home/runner/work/DevVillaTest2/DevVillaTest2/force-app/main/default/lwc/fetchProjectDetails/fetchProjectDetails.js","8","5","lines-between-class-members","Expected blank line between class members.","https://eslint.org/docs/latest/rules/lines-between-class-members","layout","eslint-lwc"
"16","2","1","/home/runner/work/DevVillaTest2/DevVillaTest2/force-app/main/default/lwc/fetchProjectDetails/fetchProjectDetails.js","8","23","space-infix-ops","Operator '=' must be spaced.","https://eslint.org/docs/latest/rules/space-infix-ops","layout","eslint-lwc"
"17","2","1","/home/runner/work/DevVillaTest2/DevVillaTest2/force-app/main/default/lwc/fetchProjectDetails/fetchProjectDetails.js","9","5","lines-between-class-members","Expected blank line between class members.","https://eslint.org/docs/latest/rules/lines-between-class-members","layout","eslint-lwc"
"18","2","1","/home/runner/work/DevVillaTest2/DevVillaTest2/force-app/main/default/lwc/fetchProjectDetails/fetchProjectDetails.js","9","16","space-infix-ops","Operator '=' must be spaced.","https://eslint.org/docs/latest/rules/space-infix-ops","layout","eslint-lwc"
"19","2","1","/home/runner/work/DevVillaTest2/DevVillaTest2/force-app/main/default/lwc/fetchProjectDetails/fetchProjectDetails.js","10","5","lines-between-class-members","Expected blank line between class members.","https://eslint.org/docs/latest/rules/lines-between-class-members","layout","eslint-lwc"
"20","2","1","/home/runner/work/DevVillaTest2/DevVillaTest2/force-app/main/default/lwc/fetchProjectDetails/fetchProjectDetails.js","11","5","lines-between-class-members","Expected blank line between class members.","https://eslint.org/docs/latest/rules/lines-between-class-members","layout","eslint-lwc"
"21","2","1","/home/runner/work/DevVillaTest2/DevVillaTest2/force-app/main/default/lwc/fetchProjectDetails/fetchProjectDetails.js","11","19","space-before-function-paren","Missing space before function parentheses.","https://eslint.org/docs/latest/rules/space-before-function-paren","layout","eslint-lwc"
"22","2","1","/home/runner/work/DevVillaTest2/DevVillaTest2/force-app/main/default/lwc/fetchProjectDetails/fetchProjectDetails.js","11","27","padded-blocks","Block must be padded by blank lines.","https://eslint.org/docs/latest/rules/padded-blocks","layout","eslint-lwc"
"23","2","1","/home/runner/work/DevVillaTest2/DevVillaTest2/force-app/main/default/lwc/fetchProjectDetails/fetchProjectDetails.js","13","18","space-infix-ops","Operator '=' must be spaced.","https://eslint.org/docs/latest/rules/space-infix-ops","layout","eslint-lwc"
"24","2","1","/home/runner/work/DevVillaTest2/DevVillaTest2/force-app/main/default/lwc/fetchProjectDetails/fetchProjectDetails.js","13","37","no-trailing-spaces","Trailing spaces not allowed.","https://eslint.org/docs/latest/rules/no-trailing-spaces","layout","eslint-lwc"
"25","2","1","/home/runner/work/DevVillaTest2/DevVillaTest2/force-app/main/default/lwc/fetchProjectDetails/fetchProjectDetails.js","13","37","padded-blocks","Block must be padded by blank lines.","https://eslint.org/docs/latest/rules/padded-blocks","layout","eslint-lwc"
"26","2","1","/home/runner/work/DevVillaTest2/DevVillaTest2/force-app/main/default/lwc/fetchProjectDetails/fetchProjectDetails.js","15","5","lines-between-class-members","Expected blank line between class members.","https://eslint.org/docs/latest/rules/lines-between-class-members","layout","eslint-lwc"
"27","2","1","/home/runner/work/DevVillaTest2/DevVillaTest2/force-app/main/default/lwc/fetchProjectDetails/fetchProjectDetails.js","15","12","space-before-function-paren","Missing space before function parentheses.","https://eslint.org/docs/latest/rules/space-before-function-paren","layout","eslint-lwc"
"28","2","1","/home/runner/work/DevVillaTest2/DevVillaTest2/force-app/main/default/lwc/fetchProjectDetails/fetchProjectDetails.js","15","15","padded-blocks","Block must be padded by blank lines.","https://eslint.org/docs/latest/rules/padded-blocks","layout","eslint-lwc"
"29","2","1","/home/runner/work/DevVillaTest2/DevVillaTest2/force-app/main/default/lwc/fetchProjectDetails/fetchProjectDetails.js","16","40","padded-blocks","Block must be padded by blank lines.","https://eslint.org/docs/latest/rules/padded-blocks","layout","eslint-lwc"
"30","2","1","/home/runner/work/DevVillaTest2/DevVillaTest2/force-app/main/default/lwc/fetchProjectDetails/fetchProjectDetails.js","20","5","lines-between-class-members","Expected blank line between class members.","https://eslint.org/docs/latest/rules/lines-between-class-members","layout","eslint-lwc"
"31","2","1","/home/runner/work/DevVillaTest2/DevVillaTest2/force-app/main/default/lwc/fetchProjectDetails/fetchProjectDetails.js","21","5","lines-between-class-members","Expected blank line between class members.","https://eslint.org/docs/latest/rules/lines-between-class-members","layout","eslint-lwc"
"32","2","1","/home/runner/work/DevVillaTest2/DevVillaTest2/force-app/main/default/lwc/fetchProjectDetails/fetchProjectDetails.js","22","5","lines-between-class-members","Expected blank line between class members.","https://eslint.org/docs/latest/rules/lines-between-class-members","layout","eslint-lwc"
"33","2","1","/home/runner/work/DevVillaTest2/DevVillaTest2/force-app/main/default/lwc/fetchProjectDetails/fetchProjectDetails.js","23","5","lines-between-class-members","Expected blank line between class members.","https://eslint.org/docs/latest/rules/lines-between-class-members","layout","eslint-lwc"
"34","2","1","/home/runner/work/DevVillaTest2/DevVillaTest2/force-app/main/default/lwc/fetchProjectDetails/fetchProjectDetails.js","24","5","lines-between-class-members","Expected blank line between class members.","https://eslint.org/docs/latest/rules/lines-between-class-members","layout","eslint-lwc"
"35","2","1","/home/runner/work/DevVillaTest2/DevVillaTest2/force-app/main/default/lwc/fetchProjectDetails/fetchProjectDetails.js","25","5","lines-between-class-members","Expected blank line between class members.","https://eslint.org/docs/latest/rules/lines-between-class-members","layout","eslint-lwc"
"36","2","1","/home/runner/work/DevVillaTest2/DevVillaTest2/force-app/main/default/lwc/fetchProjectDetails/fetchProjectDetails.js","26","5","lines-between-class-members","Expected blank line between class members.","https://eslint.org/docs/latest/rules/lines-between-class-members","layout","eslint-lwc"
"37","2","1","/home/runner/work/DevVillaTest2/DevVillaTest2/force-app/main/default/lwc/fetchProjectDetails/fetchProjectDetails.js","26","20","semi","Missing semicolon.","https://eslint.org/docs/latest/rules/semi","layout","eslint-lwc"
"38","2","1","/home/runner/work/DevVillaTest2/DevVillaTest2/force-app/main/default/lwc/fetchProjectDetails/fetchProjectDetails.js","27","5","lines-between-class-members","Expected blank line between class members.","https://eslint.org/docs/latest/rules/lines-between-class-members","layout","eslint-lwc"
"39","2","1","/home/runner/work/DevVillaTest2/DevVillaTest2/force-app/main/default/lwc/fetchProjectDetails/fetchProjectDetails.js","27","19","space-before-function-paren","Missing space before function parentheses.","https://eslint.org/docs/latest/rules/space-before-function-paren","layout","eslint-lwc"
"40","2","1","/home/runner/work/DevVillaTest2/DevVillaTest2/force-app/main/default/lwc/fetchProjectDetails/fetchProjectDetails.js","27","27","padded-blocks","Block must be padded by blank lines.","https://eslint.org/docs/latest/rules/padded-blocks","layout","eslint-lwc"
"41","2","1","/home/runner/work/DevVillaTest2/DevVillaTest2/force-app/main/default/lwc/fetchProjectDetails/fetchProjectDetails.js","28","15","prefer-destructuring","Use array destructuring.","https://eslint.org/docs/latest/rules/prefer-destructuring","suggestion","eslint-lwc"
"42","2","1","/home/runner/work/DevVillaTest2/DevVillaTest2/force-app/main/default/lwc/fetchProjectDetails/fetchProjectDetails.js","28","41","no-magic-numbers","No magic number: 0.","https://eslint.org/docs/latest/rules/no-magic-numbers","suggestion","eslint-lwc"
"43","2","1","/home/runner/work/DevVillaTest2/DevVillaTest2/force-app/main/default/lwc/fetchProjectDetails/fetchProjectDetails.js","28","43","semi","Missing semicolon.","https://eslint.org/docs/latest/rules/semi","layout","eslint-lwc"
"44","2","1","/home/runner/work/DevVillaTest2/DevVillaTest2/force-app/main/default/lwc/fetchProjectDetails/fetchProjectDetails.js","29","9","no-var","Unexpected var, use let or const instead.","https://eslint.org/docs/latest/rules/no-var","suggestion","eslint-lwc"
"45","2","1","/home/runner/work/DevVillaTest2/DevVillaTest2/force-app/main/default/lwc/fetchProjectDetails/fetchProjectDetails.js","29","38","semi","Missing semicolon.","https://eslint.org/docs/latest/rules/semi","layout","eslint-lwc"
"46","2","1","/home/runner/work/DevVillaTest2/DevVillaTest2/force-app/main/default/lwc/fetchProjectDetails/fetchProjectDetails.js","30","31","padded-blocks","Block must be padded by blank lines.","https://eslint.org/docs/latest/rules/padded-blocks","layout","eslint-lwc"
"47","2","1","/home/runner/work/DevVillaTest2/DevVillaTest2/force-app/main/default/lwc/fetchProjectDetails/fetchProjectDetails.js","31","13","no-var","Unexpected var, use let or const instead.","https://eslint.org/docs/latest/rules/no-var","suggestion","eslint-lwc"
"48","2","1","/home/runner/work/DevVillaTest2/DevVillaTest2/force-app/main/default/lwc/fetchProjectDetails/fetchProjectDetails.js","31","17","prefer-destructuring","Use array destructuring.","https://eslint.org/docs/latest/rules/prefer-destructuring","suggestion","eslint-lwc"
"49","2","1","/home/runner/work/DevVillaTest2/DevVillaTest2/force-app/main/default/lwc/fetchProjectDetails/fetchProjectDetails.js","31","46","quotes","Strings must use doublequote.","https://eslint.org/docs/latest/rules/quotes","layout","eslint-lwc"
"50","2","1","/home/runner/work/DevVillaTest2/DevVillaTest2/force-app/main/default/lwc/fetchProjectDetails/fetchProjectDetails.js","31","51","no-magic-numbers","No magic number: 1.","https://eslint.org/docs/latest/rules/no-magic-numbers","suggestion","eslint-lwc"
"51","2","1","/home/runner/work/DevVillaTest2/DevVillaTest2/force-app/main/default/lwc/fetchProjectDetails/fetchProjectDetails.js","31","53","semi","Missing semicolon.","https://eslint.org/docs/latest/rules/semi","layout","eslint-lwc"
"52","2","1","/home/runner/work/DevVillaTest2/DevVillaTest2/force-app/main/default/lwc/fetchProjectDetails/fetchProjectDetails.js","33","17","quotes","Strings must use doublequote.","https://eslint.org/docs/latest/rules/quotes","layout","eslint-lwc"
"53","2","1","/home/runner/work/DevVillaTest2/DevVillaTest2/force-app/main/default/lwc/fetchProjectDetails/fetchProjectDetails.js","34","17","sort-keys","Expected object keys to be in ascending order. 'base64' should be before 'filename'.","https://eslint.org/docs/latest/rules/sort-keys","suggestion","eslint-lwc"
"54","2","1","/home/runner/work/DevVillaTest2/DevVillaTest2/force-app/main/default/lwc/fetchProjectDetails/fetchProjectDetails.js","34","17","quotes","Strings must use doublequote.","https://eslint.org/docs/latest/rules/quotes","layout","eslint-lwc"
"55","2","1","/home/runner/work/DevVillaTest2/DevVillaTest2/force-app/main/default/lwc/fetchProjectDetails/fetchProjectDetails.js","34","17","object-shorthand","Expected property shorthand.","https://eslint.org/docs/latest/rules/object-shorthand","suggestion","eslint-lwc"
"56","2","1","/home/runner/work/DevVillaTest2/DevVillaTest2/force-app/main/default/lwc/fetchProjectDetails/fetchProjectDetails.js","35","17","quotes","Strings must use doublequote.","https://eslint.org/docs/latest/rules/quotes","layout","eslint-lwc"
"57","2","1","/home/runner/work/DevVillaTest2/DevVillaTest2/force-app/main/default/lwc/fetchProjectDetails/fetchProjectDetails.js","36","14","semi","Missing semicolon.","https://eslint.org/docs/latest/rules/semi","layout","eslint-lwc"
"58","2","1","/home/runner/work/DevVillaTest2/DevVillaTest2/force-app/main/default/lwc/fetchProjectDetails/fetchProjectDetails.js","37","13","no-console","Unexpected console statement.","https://eslint.org/docs/latest/rules/no-console","suggestion","eslint-lwc"
"59","2","1","/home/runner/work/DevVillaTest2/DevVillaTest2/force-app/main/default/lwc/fetchProjectDetails/fetchProjectDetails.js","37","39","padded-blocks","Block must be padded by blank lines.","https://eslint.org/docs/latest/rules/padded-blocks","layout","eslint-lwc"
"60","2","1","/home/runner/work/DevVillaTest2/DevVillaTest2/force-app/main/default/lwc/fetchProjectDetails/fetchProjectDetails.js","37","39","semi","Missing semicolon.","https://eslint.org/docs/latest/rules/semi","layout","eslint-lwc"
"61","2","1","/home/runner/work/DevVillaTest2/DevVillaTest2/force-app/main/default/lwc/fetchProjectDetails/fetchProjectDetails.js","38","10","semi","Missing semicolon.","https://eslint.org/docs/latest/rules/semi","layout","eslint-lwc"
"62","2","1","/home/runner/work/DevVillaTest2/DevVillaTest2/force-app/main/default/lwc/fetchProjectDetails/fetchProjectDetails.js","39","35","semi","Missing semicolon.","https://eslint.org/docs/latest/rules/semi","layout","eslint-lwc"
"63","2","1","/home/runner/work/DevVillaTest2/DevVillaTest2/force-app/main/default/lwc/fetchProjectDetails/fetchProjectDetails.js","40","1","no-trailing-spaces","Trailing spaces not allowed.","https://eslint.org/docs/latest/rules/no-trailing-spaces","layout","eslint-lwc"
"64","2","1","/home/runner/work/DevVillaTest2/DevVillaTest2/force-app/main/default/lwc/fetchProjectDetails/fetchProjectDetails.js","42","5","lines-between-class-members","Expected blank line between class members.","https://eslint.org/docs/latest/rules/lines-between-class-members","layout","eslint-lwc"
"65","2","1","/home/runner/work/DevVillaTest2/DevVillaTest2/force-app/main/default/lwc/fetchProjectDetails/fetchProjectDetails.js","42","29","space-before-function-paren","Missing space before function parentheses.","https://eslint.org/docs/latest/rules/space-before-function-paren","layout","eslint-lwc"
"66","2","1","/home/runner/work/DevVillaTest2/DevVillaTest2/force-app/main/default/lwc/fetchProjectDetails/fetchProjectDetails.js","42","42","padded-blocks","Block must be padded by blank lines.","https://eslint.org/docs/latest/rules/padded-blocks","layout","eslint-lwc"
"67","2","1","/home/runner/work/DevVillaTest2/DevVillaTest2/force-app/main/default/lwc/fetchProjectDetails/fetchProjectDetails.js","43","1","indent","Expected indentation of 8 spaces but found 12.","https://eslint.org/docs/latest/rules/indent","layout","eslint-lwc"
"68","2","1","/home/runner/work/DevVillaTest2/DevVillaTest2/force-app/main/default/lwc/fetchProjectDetails/fetchProjectDetails.js","43","44","quotes","Strings must use doublequote.","https://eslint.org/docs/latest/rules/quotes","layout","eslint-lwc"
"69","2","1","/home/runner/work/DevVillaTest2/DevVillaTest2/force-app/main/default/lwc/fetchProjectDetails/fetchProjectDetails.js","44","1","indent","Expected indentation of 8 spaces but found 12.","https://eslint.org/docs/latest/rules/indent","layout","eslint-lwc"
"70","2","1","/home/runner/work/DevVillaTest2/DevVillaTest2/force-app/main/default/lwc/fetchProjectDetails/fetchProjectDetails.js","44","13","one-var","Combine this with the previous 'const' statement.","https://eslint.org/docs/latest/rules/one-var","suggestion","eslint-lwc"
"71","2","1","/home/runner/work/DevVillaTest2/DevVillaTest2/force-app/main/default/lwc/fetchProjectDetails/fetchProjectDetails.js","44","19","prefer-destructuring","Use array destructuring.","https://eslint.org/docs/latest/rules/prefer-destructuring","suggestion","eslint-lwc"
"72","2","1","/home/runner/work/DevVillaTest2/DevVillaTest2/force-app/main/default/lwc/fetchProjectDetails/fetchProjectDetails.js","44","46","no-magic-numbers","No magic number: 0.","https://eslint.org/docs/latest/rules/no-magic-numbers","suggestion","eslint-lwc"
"73","2","1","/home/runner/work/DevVillaTest2/DevVillaTest2/force-app/main/default/lwc/fetchProjectDetails/fetchProjectDetails.js","45","1","indent","Expected indentation of 8 spaces but found 12.","https://eslint.org/docs/latest/rules/indent","layout","eslint-lwc"
"74","2","1","/home/runner/work/DevVillaTest2/DevVillaTest2/force-app/main/default/lwc/fetchProjectDetails/fetchProjectDetails.js","45","13","one-var","Combine this with the previous 'const' statement.","https://eslint.org/docs/latest/rules/one-var","suggestion","eslint-lwc"
"75","2","1","/home/runner/work/DevVillaTest2/DevVillaTest2/force-app/main/default/lwc/fetchProjectDetails/fetchProjectDetails.js","45","19","prefer-destructuring","Use array destructuring.","https://eslint.org/docs/latest/rules/prefer-destructuring","suggestion","eslint-lwc"
"76","2","1","/home/runner/work/DevVillaTest2/DevVillaTest2/force-app/main/default/lwc/fetchProjectDetails/fetchProjectDetails.js","45","35","no-magic-numbers","No magic number: 1.","https://eslint.org/docs/latest/rules/no-magic-numbers","suggestion","eslint-lwc"
"77","2","1","/home/runner/work/DevVillaTest2/DevVillaTest2/force-app/main/default/lwc/fetchProjectDetails/fetchProjectDetails.js","46","1","max-len","This line has a length of 101. Maximum allowed is 80.","https://eslint.org/docs/latest/rules/max-len","layout","eslint-lwc"
"78","2","1","/home/runner/work/DevVillaTest2/DevVillaTest2/force-app/main/default/lwc/fetchProjectDetails/fetchProjectDetails.js","46","1","indent","Expected indentation of 8 spaces but found 12.","https://eslint.org/docs/latest/rules/indent","layout","eslint-lwc"
"79","2","1","/home/runner/work/DevVillaTest2/DevVillaTest2/force-app/main/default/lwc/fetchProjectDetails/fetchProjectDetails.js","46","39","prefer-template","Unexpected string concatenation.","https://eslint.org/docs/latest/rules/prefer-template","suggestion","eslint-lwc"
"80","2","1","/home/runner/work/DevVillaTest2/DevVillaTest2/force-app/main/default/lwc/fetchProjectDetails/fetchProjectDetails.js","46","60","quotes","Strings must use doublequote.","https://eslint.org/docs/latest/rules/quotes","layout","eslint-lwc"
"81","2","1","/home/runner/work/DevVillaTest2/DevVillaTest2/force-app/main/default/lwc/fetchProjectDetails/fetchProjectDetails.js","46","85","quotes","Strings must use doublequote.","https://eslint.org/docs/latest/rules/quotes","layout","eslint-lwc"
"82","2","1","/home/runner/work/DevVillaTest2/DevVillaTest2/force-app/main/default/lwc/fetchProjectDetails/fetchProjectDetails.js","46","99","no-trailing-spaces","Trailing spaces not allowed.","https://eslint.org/docs/latest/rules/no-trailing-spaces","layout","eslint-lwc"
"83","2","1","/home/runner/work/DevVillaTest2/DevVillaTest2/force-app/main/default/lwc/fetchProjectDetails/fetchProjectDetails.js","47","1","indent","Expected indentation of 8 spaces but found 12.","https://eslint.org/docs/latest/rules/indent","layout","eslint-lwc"
"84","2","1","/home/runner/work/DevVillaTest2/DevVillaTest2/force-app/main/default/lwc/fetchProjectDetails/fetchProjectDetails.js","47","13","no-console","Unexpected console statement.","https://eslint.org/docs/latest/rules/no-console","suggestion","eslint-lwc"
"85","2","1","/home/runner/work/DevVillaTest2/DevVillaTest2/force-app/main/default/lwc/fetchProjectDetails/fetchProjectDetails.js","47","25","prefer-template","Unexpected string concatenation.","https://eslint.org/docs/latest/rules/prefer-template","suggestion","eslint-lwc"
"86","2","1","/home/runner/work/DevVillaTest2/DevVillaTest2/force-app/main/default/lwc/fetchProjectDetails/fetchProjectDetails.js","47","25","quotes","Strings must use doublequote.","https://eslint.org/docs/latest/rules/quotes","layout","eslint-lwc"
"87","2","1","/home/runner/work/DevVillaTest2/DevVillaTest2/force-app/main/default/lwc/fetchProjectDetails/fetchProjectDetails.js","47","49","space-infix-ops","Operator '+' must be spaced.","https://eslint.org/docs/latest/rules/space-infix-ops","layout","eslint-lwc"
"88","2","1","/home/runner/work/DevVillaTest2/DevVillaTest2/force-app/main/default/lwc/fetchProjectDetails/fetchProjectDetails.js","47","75","padded-blocks","Block must be padded by blank lines.","https://eslint.org/docs/latest/rules/padded-blocks","layout","eslint-lwc"
"89","2","1","/home/runner/work/DevVillaTest2/DevVillaTest2/force-app/main/default/lwc/fetchProjectDetails/fetchProjectDetails.js","49","1","no-trailing-spaces","Trailing spaces not allowed.","https://eslint.org/docs/latest/rules/no-trailing-spaces","layout","eslint-lwc"
"90","2","1","/home/runner/work/DevVillaTest2/DevVillaTest2/force-app/main/default/lwc/fetchProjectDetails/fetchProjectDetails.js","50","16","space-before-function-paren","Missing space before function parentheses.","https://eslint.org/docs/latest/rules/space-before-function-paren","layout","eslint-lwc"
"91","2","1","/home/runner/work/DevVillaTest2/DevVillaTest2/force-app/main/default/lwc/fetchProjectDetails/fetchProjectDetails.js","50","18","padded-blocks","Block must be padded by blank lines.","https://eslint.org/docs/latest/rules/padded-blocks","layout","eslint-lwc"
"92","2","1","/home/runner/work/DevVillaTest2/DevVillaTest2/force-app/main/default/lwc/fetchProjectDetails/fetchProjectDetails.js","50","18","space-before-blocks","Missing space before opening brace.","https://eslint.org/docs/latest/rules/space-before-blocks","layout","eslint-lwc"
"93","2","1","/home/runner/work/DevVillaTest2/DevVillaTest2/force-app/main/default/lwc/fetchProjectDetails/fetchProjectDetails.js","51","1","indent","Expected indentation of 8 spaces but found 7.","https://eslint.org/docs/latest/rules/indent","layout","eslint-lwc"
"94","2","1","/home/runner/work/DevVillaTest2/DevVillaTest2/force-app/main/default/lwc/fetchProjectDetails/fetchProjectDetails.js","51","24","space-infix-ops","Operator '=' must be spaced.","https://eslint.org/docs/latest/rules/space-infix-ops","layout","eslint-lwc"
"95","2","1","/home/runner/work/DevVillaTest2/DevVillaTest2/force-app/main/default/lwc/fetchProjectDetails/fetchProjectDetails.js","52","1","indent","Expected indentation of 8 spaces but found 7.","https://eslint.org/docs/latest/rules/indent","layout","eslint-lwc"
"96","2","1","/home/runner/work/DevVillaTest2/DevVillaTest2/force-app/main/default/lwc/fetchProjectDetails/fetchProjectDetails.js","53","1","indent","Expected indentation of 8 spaces but found 7.","https://eslint.org/docs/latest/rules/indent","layout","eslint-lwc"
"97","2","1","/home/runner/work/DevVillaTest2/DevVillaTest2/force-app/main/default/lwc/fetchProjectDetails/fetchProjectDetails.js","53","8","no-console","Unexpected console statement.","https://eslint.org/docs/latest/rules/no-console","suggestion","eslint-lwc"
"98","2","1","/home/runner/work/DevVillaTest2/DevVillaTest2/force-app/main/default/lwc/fetchProjectDetails/fetchProjectDetails.js","53","20","prefer-template","Unexpected string concatenation.","https://eslint.org/docs/latest/rules/prefer-template","suggestion","eslint-lwc"
"99","2","1","/home/runner/work/DevVillaTest2/DevVillaTest2/force-app/main/default/lwc/fetchProjectDetails/fetchProjectDetails.js","53","20","quotes","Strings must use doublequote.","https://eslint.org/docs/latest/rules/quotes","layout","eslint-lwc"
"100","2","1","/home/runner/work/DevVillaTest2/DevVillaTest2/force-app/main/default/lwc/fetchProjectDetails/fetchProjectDetails.js","53","44","space-infix-ops","Operator '+' must be spaced.","https://eslint.org/docs/latest/rules/space-infix-ops","layout","eslint-lwc"
"101","2","1","/home/runner/work/DevVillaTest2/DevVillaTest2/force-app/main/default/lwc/fetchProjectDetails/fetchProjectDetails.js","54","1","indent","Expected indentation of 8 spaces but found 6.","https://eslint.org/docs/latest/rules/indent","layout","eslint-lwc"
"102","2","1","/home/runner/work/DevVillaTest2/DevVillaTest2/force-app/main/default/lwc/fetchProjectDetails/fetchProjectDetails.js","54","7","capitalized-comments","Comments should not begin with a lowercase character.","https://eslint.org/docs/latest/rules/capitalized-comments","suggestion","eslint-lwc"
"103","2","1","/home/runner/work/DevVillaTest2/DevVillaTest2/force-app/main/default/lwc/fetchProjectDetails/fetchProjectDetails.js","55","1","no-trailing-spaces","Trailing spaces not allowed.","https://eslint.org/docs/latest/rules/no-trailing-spaces","layout","eslint-lwc"
"104","2","1","/home/runner/work/DevVillaTest2/DevVillaTest2/force-app/main/default/lwc/fetchProjectDetails/fetchProjectDetails.js","56","1","max-len","This line has a length of 84. Maximum allowed is 80.","https://eslint.org/docs/latest/rules/max-len","layout","eslint-lwc"
"105","2","1","/home/runner/work/DevVillaTest2/DevVillaTest2/force-app/main/default/lwc/fetchProjectDetails/fetchProjectDetails.js","56","9","no-whitespace-before-property","Unexpected whitespace before property catch.","https://eslint.org/docs/latest/rules/no-whitespace-before-property","layout","eslint-lwc"
"106","2","1","/home/runner/work/DevVillaTest2/DevVillaTest2/force-app/main/default/lwc/fetchProjectDetails/fetchProjectDetails.js","56","21","object-curly-spacing","There should be no space after '{'.","https://eslint.org/docs/latest/rules/object-curly-spacing","layout","eslint-lwc"
"107","2","1","/home/runner/work/DevVillaTest2/DevVillaTest2/force-app/main/default/lwc/fetchProjectDetails/fetchProjectDetails.js","56","22","quote-props","Unquoted property 'base64' found.","https://eslint.org/docs/latest/rules/quote-props","suggestion","eslint-lwc"
"108","2","1","/home/runner/work/DevVillaTest2/DevVillaTest2/force-app/main/default/lwc/fetchProjectDetails/fetchProjectDetails.js","56","29","key-spacing","Missing space before value for key 'base64'.","https://eslint.org/docs/latest/rules/key-spacing","layout","eslint-lwc"
"109","2","1","/home/runner/work/DevVillaTest2/DevVillaTest2/force-app/main/default/lwc/fetchProjectDetails/fetchProjectDetails.js","56","51","object-property-newline","Object properties must go on a new line.","https://eslint.org/docs/latest/rules/object-property-newline","layout","eslint-lwc"
"110","2","1","/home/runner/work/DevVillaTest2/DevVillaTest2/force-app/main/default/lwc/fetchProjectDetails/fetchProjectDetails.js","56","51","quote-props","Unquoted property 'filename' found.","https://eslint.org/docs/latest/rules/quote-props","suggestion","eslint-lwc"
"111","2","1","/home/runner/work/DevVillaTest2/DevVillaTest2/force-app/main/default/lwc/fetchProjectDetails/fetchProjectDetails.js","56","60","key-spacing","Missing space before value for key 'filename'.","https://eslint.org/docs/latest/rules/key-spacing","layout","eslint-lwc"
"112","2","1","/home/runner/work/DevVillaTest2/DevVillaTest2/force-app/main/default/lwc/fetchProjectDetails/fetchProjectDetails.js","57","1","indent","Expected indentation of 12 spaces but found 8.","https://eslint.org/docs/latest/rules/indent","layout","eslint-lwc"
"113","2","1","/home/runner/work/DevVillaTest2/DevVillaTest2/force-app/main/default/lwc/fetchProjectDetails/fetchProjectDetails.js","57","9","dot-location","Expected dot to be on same line as object.","https://eslint.org/docs/latest/rules/dot-location","layout","eslint-lwc"
"114","2","1","/home/runner/work/DevVillaTest2/DevVillaTest2/force-app/main/default/lwc/fetchProjectDetails/fetchProjectDetails.js","57","15","arrow-parens","Expected parentheses around arrow function argument.","https://eslint.org/docs/latest/rules/arrow-parens","layout","eslint-lwc"
"115","2","1","/home/runner/work/DevVillaTest2/DevVillaTest2/force-app/main/default/lwc/fetchProjectDetails/fetchProjectDetails.js","57","25","padded-blocks","Block must be padded by blank lines.","https://eslint.org/docs/latest/rules/padded-blocks","layout","eslint-lwc"
"116","2","1","/home/runner/work/DevVillaTest2/DevVillaTest2/force-app/main/default/lwc/fetchProjectDetails/fetchProjectDetails.js","58","1","indent","Expected indentation of 16 spaces but found 12.","https://eslint.org/docs/latest/rules/indent","layout","eslint-lwc"
"117","2","1","/home/runner/work/DevVillaTest2/DevVillaTest2/force-app/main/default/lwc/fetchProjectDetails/fetchProjectDetails.js","58","13","no-console","Unexpected console statement.","https://eslint.org/docs/latest/rules/no-console","suggestion","eslint-lwc"
"118","2","1","/home/runner/work/DevVillaTest2/DevVillaTest2/force-app/main/default/lwc/fetchProjectDetails/fetchProjectDetails.js","58","25","prefer-template","Unexpected string concatenation.","https://eslint.org/docs/latest/rules/prefer-template","suggestion","eslint-lwc"
"119","2","1","/home/runner/work/DevVillaTest2/DevVillaTest2/force-app/main/default/lwc/fetchProjectDetails/fetchProjectDetails.js","58","25","quotes","Strings must use doublequote.","https://eslint.org/docs/latest/rules/quotes","layout","eslint-lwc"
"120","2","1","/home/runner/work/DevVillaTest2/DevVillaTest2/force-app/main/default/lwc/fetchProjectDetails/fetchProjectDetails.js","58","33","space-infix-ops","Operator '+' must be spaced.","https://eslint.org/docs/latest/rules/space-infix-ops","layout","eslint-lwc"
"121","2","1","/home/runner/work/DevVillaTest2/DevVillaTest2/force-app/main/default/lwc/fetchProjectDetails/fetchProjectDetails.js","59","1","indent","Expected indentation of 16 spaces but found 12.","https://eslint.org/docs/latest/rules/indent","layout","eslint-lwc"
"122","2","1","/home/runner/work/DevVillaTest2/DevVillaTest2/force-app/main/default/lwc/fetchProjectDetails/fetchProjectDetails.js","59","28","space-infix-ops","Operator '=' must be spaced.","https://eslint.org/docs/latest/rules/space-infix-ops","layout","eslint-lwc"
"123","2","1","/home/runner/work/DevVillaTest2/DevVillaTest2/force-app/main/default/lwc/fetchProjectDetails/fetchProjectDetails.js","60","1","indent","Expected indentation of 16 spaces but found 12.","https://eslint.org/docs/latest/rules/indent","layout","eslint-lwc"
"124","2","1","/home/runner/work/DevVillaTest2/DevVillaTest2/force-app/main/default/lwc/fetchProjectDetails/fetchProjectDetails.js","61","1","indent","Expected indentation of 16 spaces but found 12.","https://eslint.org/docs/latest/rules/indent","layout","eslint-lwc"
"125","2","1","/home/runner/work/DevVillaTest2/DevVillaTest2/force-app/main/default/lwc/fetchProjectDetails/fetchProjectDetails.js","61","26","space-infix-ops","Operator '=' must be spaced.","https://eslint.org/docs/latest/rules/space-infix-ops","layout","eslint-lwc"
"126","2","1","/home/runner/work/DevVillaTest2/DevVillaTest2/force-app/main/default/lwc/fetchProjectDetails/fetchProjectDetails.js","61","32","padded-blocks","Block must be padded by blank lines.","https://eslint.org/docs/latest/rules/padded-blocks","layout","eslint-lwc"
"127","2","1","/home/runner/work/DevVillaTest2/DevVillaTest2/force-app/main/default/lwc/fetchProjectDetails/fetchProjectDetails.js","62","1","indent","Expected indentation of 12 spaces but found 8.","https://eslint.org/docs/latest/rules/indent","layout","eslint-lwc"
"128","2","1","/home/runner/work/DevVillaTest2/DevVillaTest2/force-app/main/default/lwc/fetchProjectDetails/fetchProjectDetails.js","62","12","newline-per-chained-call","Expected line break before `.catch`.","https://eslint.org/docs/latest/rules/newline-per-chained-call","layout","eslint-lwc"
"129","2","1","/home/runner/work/DevVillaTest2/DevVillaTest2/force-app/main/default/lwc/fetchProjectDetails/fetchProjectDetails.js","62","19","arrow-parens","Expected parentheses around arrow function argument.","https://eslint.org/docs/latest/rules/arrow-parens","layout","eslint-lwc"
"130","2","1","/home/runner/work/DevVillaTest2/DevVillaTest2/force-app/main/default/lwc/fetchProjectDetails/fetchProjectDetails.js","62","28","padded-blocks","Block must be padded by blank lines.","https://eslint.org/docs/latest/rules/padded-blocks","layout","eslint-lwc"
"131","2","1","/home/runner/work/DevVillaTest2/DevVillaTest2/force-app/main/default/lwc/fetchProjectDetails/fetchProjectDetails.js","63","1","indent","Expected indentation of 16 spaces but found 12.","https://eslint.org/docs/latest/rules/indent","layout","eslint-lwc"
"132","2","1","/home/runner/work/DevVillaTest2/DevVillaTest2/force-app/main/default/lwc/fetchProjectDetails/fetchProjectDetails.js","63","13","no-console","Unexpected console statement.","https://eslint.org/docs/latest/rules/no-console","suggestion","eslint-lwc"
"133","2","1","/home/runner/work/DevVillaTest2/DevVillaTest2/force-app/main/default/lwc/fetchProjectDetails/fetchProjectDetails.js","64","1","indent","Expected indentation of 16 spaces but found 12.","https://eslint.org/docs/latest/rules/indent","layout","eslint-lwc"
"134","2","1","/home/runner/work/DevVillaTest2/DevVillaTest2/force-app/main/default/lwc/fetchProjectDetails/fetchProjectDetails.js","65","1","indent","Expected indentation of 16 spaces but found 12.","https://eslint.org/docs/latest/rules/indent","layout","eslint-lwc"
"135","2","1","/home/runner/work/DevVillaTest2/DevVillaTest2/force-app/main/default/lwc/fetchProjectDetails/fetchProjectDetails.js","65","29","space-infix-ops","Operator '=' must be spaced.","https://eslint.org/docs/latest/rules/space-infix-ops","layout","eslint-lwc"
"136","2","1","/home/runner/work/DevVillaTest2/DevVillaTest2/force-app/main/default/lwc/fetchProjectDetails/fetchProjectDetails.js","65","37","padded-blocks","Block must be padded by blank lines.","https://eslint.org/docs/latest/rules/padded-blocks","layout","eslint-lwc"
"137","2","1","/home/runner/work/DevVillaTest2/DevVillaTest2/force-app/main/default/lwc/fetchProjectDetails/fetchProjectDetails.js","66","1","indent","Expected indentation of 12 spaces but found 8.","https://eslint.org/docs/latest/rules/indent","layout","eslint-lwc"
"138","2","1","/home/runner/work/DevVillaTest2/DevVillaTest2/force-app/main/default/lwc/fetchProjectDetails/fetchProjectDetails.js","66","12","no-trailing-spaces","Trailing spaces not allowed.","https://eslint.org/docs/latest/rules/no-trailing-spaces","layout","eslint-lwc"
"139","2","1","/home/runner/work/DevVillaTest2/DevVillaTest2/force-app/main/default/lwc/fetchProjectDetails/fetchProjectDetails.js","67","1","no-trailing-spaces","Trailing spaces not allowed.","https://eslint.org/docs/latest/rules/no-trailing-spaces","layout","eslint-lwc"
"140","2","1","/home/runner/work/DevVillaTest2/DevVillaTest2/force-app/main/default/lwc/fetchProjectDetails/fetchProjectDetails.js","68","1","indent","Expected indentation of 8 spaces but found 11.","https://eslint.org/docs/latest/rules/indent","layout","eslint-lwc"
"141","2","1","/home/runner/work/DevVillaTest2/DevVillaTest2/force-app/main/default/lwc/fetchProjectDetails/fetchProjectDetails.js","68","12","capitalized-comments","Comments should not begin with a lowercase character.","https://eslint.org/docs/latest/rules/capitalized-comments","suggestion","eslint-lwc"
"142","2","1","/home/runner/work/DevVillaTest2/DevVillaTest2/force-app/main/default/lwc/fetchProjectDetails/fetchProjectDetails.js","68","34","padded-blocks","Block must be padded by blank lines.","https://eslint.org/docs/latest/rules/padded-blocks","layout","eslint-lwc"
"143","2","1","/home/runner/work/DevVillaTest2/DevVillaTest2/force-app/main/default/lwc/fetchProjectDetails/fetchProjectDetails.js","70","5","lines-between-class-members","Expected blank line between class members.","https://eslint.org/docs/latest/rules/lines-between-class-members","layout","eslint-lwc"
"144","2","1","/home/runner/work/DevVillaTest2/DevVillaTest2/force-app/main/default/lwc/fetchProjectDetails/fetchProjectDetails.js","70","21","space-before-function-paren","Missing space before function parentheses.","https://eslint.org/docs/latest/rules/space-before-function-paren","layout","eslint-lwc"
"145","2","1","/home/runner/work/DevVillaTest2/DevVillaTest2/force-app/main/default/lwc/fetchProjectDetails/fetchProjectDetails.js","70","28","padded-blocks","Block must be padded by blank lines.","https://eslint.org/docs/latest/rules/padded-blocks","layout","eslint-lwc"
"146","2","1","/home/runner/work/DevVillaTest2/DevVillaTest2/force-app/main/default/lwc/fetchProjectDetails/fetchProjectDetails.js","70","28","space-before-blocks","Missing space before opening brace.","https://eslint.org/docs/latest/rules/space-before-blocks","layout","eslint-lwc"
"147","2","1","/home/runner/work/DevVillaTest2/DevVillaTest2/force-app/main/default/lwc/fetchProjectDetails/fetchProjectDetails.js","71","47","padded-blocks","Block must be padded by blank lines.","https://eslint.org/docs/latest/rules/padded-blocks","layout","eslint-lwc"
"148","2","1","/home/runner/work/DevVillaTest2/DevVillaTest2/force-app/main/default/lwc/fetchProjectDetails/fetchProjectDetails.js","73","5","lines-between-class-members","Expected blank line between class members.","https://eslint.org/docs/latest/rules/lines-between-class-members","layout","eslint-lwc"
"149","2","1","/home/runner/work/DevVillaTest2/DevVillaTest2/force-app/main/default/lwc/fetchProjectDetails/fetchProjectDetails.js","73","15","space-before-function-paren","Missing space before function parentheses.","https://eslint.org/docs/latest/rules/space-before-function-paren","layout","eslint-lwc"
"150","2","1","/home/runner/work/DevVillaTest2/DevVillaTest2/force-app/main/default/lwc/fetchProjectDetails/fetchProjectDetails.js","73","22","padded-blocks","Block must be padded by blank lines.","https://eslint.org/docs/latest/rules/padded-blocks","layout","eslint-lwc"
"151","2","1","/home/runner/work/DevVillaTest2/DevVillaTest2/force-app/main/default/lwc/fetchProjectDetails/fetchProjectDetails.js","73","22","space-before-blocks","Missing space before opening brace.","https://eslint.org/docs/latest/rules/space-before-blocks","layout","eslint-lwc"
"152","2","1","/home/runner/work/DevVillaTest2/DevVillaTest2/force-app/main/default/lwc/fetchProjectDetails/fetchProjectDetails.js","74","41","padded-blocks","Block must be padded by blank lines.","https://eslint.org/docs/latest/rules/padded-blocks","layout","eslint-lwc"
"153","2","1","/home/runner/work/DevVillaTest2/DevVillaTest2/force-app/main/default/lwc/fetchProjectDetails/fetchProjectDetails.js","76","5","lines-between-class-members","Expected blank line between class members.","https://eslint.org/docs/latest/rules/lines-between-class-members","layout","eslint-lwc"
"154","2","1","/home/runner/work/DevVillaTest2/DevVillaTest2/force-app/main/default/lwc/fetchProjectDetails/fetchProjectDetails.js","76","18","space-before-function-paren","Missing space before function parentheses.","https://eslint.org/docs/latest/rules/space-before-function-paren","layout","eslint-lwc"
"155","2","1","/home/runner/work/DevVillaTest2/DevVillaTest2/force-app/main/default/lwc/fetchProjectDetails/fetchProjectDetails.js","76","25","padded-blocks","Block must be padded by blank lines.","https://eslint.org/docs/latest/rules/padded-blocks","layout","eslint-lwc"
"156","2","1","/home/runner/work/DevVillaTest2/DevVillaTest2/force-app/main/default/lwc/fetchProjectDetails/fetchProjectDetails.js","76","25","space-before-blocks","Missing space before opening brace.","https://eslint.org/docs/latest/rules/space-before-blocks","layout","eslint-lwc"
"157","2","1","/home/runner/work/DevVillaTest2/DevVillaTest2/force-app/main/default/lwc/fetchProjectDetails/fetchProjectDetails.js","77","44","padded-blocks","Block must be padded by blank lines.","https://eslint.org/docs/latest/rules/padded-blocks","layout","eslint-lwc"
"158","2","1","/home/runner/work/DevVillaTest2/DevVillaTest2/force-app/main/default/lwc/fetchProjectDetails/fetchProjectDetails.js","79","5","lines-between-class-members","Expected blank line between class members.","https://eslint.org/docs/latest/rules/lines-between-class-members","layout","eslint-lwc"
"159","2","1","/home/runner/work/DevVillaTest2/DevVillaTest2/force-app/main/default/lwc/fetchProjectDetails/fetchProjectDetails.js","79","18","space-before-function-paren","Missing space before function parentheses.","https://eslint.org/docs/latest/rules/space-before-function-paren","layout","eslint-lwc"
"160","2","1","/home/runner/work/DevVillaTest2/DevVillaTest2/force-app/main/default/lwc/fetchProjectDetails/fetchProjectDetails.js","79","25","padded-blocks","Block must be padded by blank lines.","https://eslint.org/docs/latest/rules/padded-blocks","layout","eslint-lwc"
"161","2","1","/home/runner/work/DevVillaTest2/DevVillaTest2/force-app/main/default/lwc/fetchProjectDetails/fetchProjectDetails.js","79","25","space-before-blocks","Missing space before opening brace.","https://eslint.org/docs/latest/rules/space-before-blocks","layout","eslint-lwc"
"162","2","1","/home/runner/work/DevVillaTest2/DevVillaTest2/force-app/main/default/lwc/fetchProjectDetails/fetchProjectDetails.js","80","44","padded-blocks","Block must be padded by blank lines.","https://eslint.org/docs/latest/rules/padded-blocks","layout","eslint-lwc"
"163","2","1","/home/runner/work/DevVillaTest2/DevVillaTest2/force-app/main/default/lwc/fetchProjectDetails/fetchProjectDetails.js","82","5","lines-between-class-members","Expected blank line between class members.","https://eslint.org/docs/latest/rules/lines-between-class-members","layout","eslint-lwc"
"164","2","1","/home/runner/work/DevVillaTest2/DevVillaTest2/force-app/main/default/lwc/fetchProjectDetails/fetchProjectDetails.js","82","22","space-before-function-paren","Missing space before function parentheses.","https://eslint.org/docs/latest/rules/space-before-function-paren","layout","eslint-lwc"
"165","2","1","/home/runner/work/DevVillaTest2/DevVillaTest2/force-app/main/default/lwc/fetchProjectDetails/fetchProjectDetails.js","82","24","padded-blocks","Block must be padded by blank lines.","https://eslint.org/docs/latest/rules/padded-blocks","layout","eslint-lwc"
"166","2","1","/home/runner/work/DevVillaTest2/DevVillaTest2/force-app/main/default/lwc/fetchProjectDetails/fetchProjectDetails.js","82","24","space-before-blocks","Missing space before opening brace.","https://eslint.org/docs/latest/rules/space-before-blocks","layout","eslint-lwc"
"167","2","1","/home/runner/work/DevVillaTest2/DevVillaTest2/force-app/main/default/lwc/fetchProjectDetails/fetchProjectDetails.js","83","1","max-len","This line has a length of 86. Maximum allowed is 80.","https://eslint.org/docs/latest/rules/max-len","layout","eslint-lwc"
"168","2","1","/home/runner/work/DevVillaTest2/DevVillaTest2/force-app/main/default/lwc/fetchProjectDetails/fetchProjectDetails.js","83","65","no-multi-spaces","Multiple spaces found before '&&'.","https://eslint.org/docs/latest/rules/no-multi-spaces","layout","eslint-lwc"
"169","2","1","/home/runner/work/DevVillaTest2/DevVillaTest2/force-app/main/default/lwc/fetchProjectDetails/fetchProjectDetails.js","83","67","space-infix-ops","Operator '&&' must be spaced.","https://eslint.org/docs/latest/rules/space-infix-ops","layout","eslint-lwc"
"170","2","1","/home/runner/work/DevVillaTest2/DevVillaTest2/force-app/main/default/lwc/fetchProjectDetails/fetchProjectDetails.js","83","84","no-trailing-spaces","Trailing spaces not allowed.","https://eslint.org/docs/latest/rules/no-trailing-spaces","layout","eslint-lwc"
"171","2","1","/home/runner/work/DevVillaTest2/DevVillaTest2/force-app/main/default/lwc/fetchProjectDetails/fetchProjectDetails.js","83","84","padded-blocks","Block must be padded by blank lines.","https://eslint.org/docs/latest/rules/padded-blocks","layout","eslint-lwc"
"172","2","1","/home/runner/work/DevVillaTest2/DevVillaTest2/force-app/main/default/lwc/fetchProjectDetails/fetchProjectDetails.js","85","5","lines-between-class-members","Expected blank line between class members.","https://eslint.org/docs/latest/rules/lines-between-class-members","layout","eslint-lwc"
"173","2","1","/home/runner/work/DevVillaTest2/DevVillaTest2/force-app/main/default/lwc/fetchProjectDetails/fetchProjectDetails.js","85","15","space-before-function-paren","Missing space before function parentheses.","https://eslint.org/docs/latest/rules/space-before-function-paren","layout","eslint-lwc"
"174","2","1","/home/runner/work/DevVillaTest2/DevVillaTest2/force-app/main/default/lwc/fetchProjectDetails/fetchProjectDetails.js","85","17","padded-blocks","Block must be padded by blank lines.","https://eslint.org/docs/latest/rules/padded-blocks","layout","eslint-lwc"
"175","2","1","/home/runner/work/DevVillaTest2/DevVillaTest2/force-app/main/default/lwc/fetchProjectDetails/fetchProjectDetails.js","85","17","space-before-blocks","Missing space before opening brace.","https://eslint.org/docs/latest/rules/space-before-blocks","layout","eslint-lwc"
"176","2","1","/home/runner/work/DevVillaTest2/DevVillaTest2/force-app/main/default/lwc/fetchProjectDetails/fetchProjectDetails.js","86","1","indent","Expected indentation of 8 spaces but found 4.","https://eslint.org/docs/latest/rules/indent","layout","eslint-lwc"
"177","2","1","/home/runner/work/DevVillaTest2/DevVillaTest2/force-app/main/default/lwc/fetchProjectDetails/fetchProjectDetails.js","86","5","no-console","Unexpected console statement.","https://eslint.org/docs/latest/rules/no-console","suggestion","eslint-lwc"
"178","2","1","/home/runner/work/DevVillaTest2/DevVillaTest2/force-app/main/default/lwc/fetchProjectDetails/fetchProjectDetails.js","86","17","quotes","Strings must use doublequote.","https://eslint.org/docs/latest/rules/quotes","layout","eslint-lwc"
"179","2","1","/home/runner/work/DevVillaTest2/DevVillaTest2/force-app/main/default/lwc/fetchProjectDetails/fetchProjectDetails.js","87","1","indent","Expected indentation of 8 spaces but found 5.","https://eslint.org/docs/latest/rules/indent","layout","eslint-lwc"
"180","2","1","/home/runner/work/DevVillaTest2/DevVillaTest2/force-app/main/default/lwc/fetchProjectDetails/fetchProjectDetails.js","87","6","vars-on-top","All 'var' declarations must be at the top of the function scope.","https://eslint.org/docs/latest/rules/vars-on-top","suggestion","eslint-lwc"
"181","2","1","/home/runner/work/DevVillaTest2/DevVillaTest2/force-app/main/default/lwc/fetchProjectDetails/fetchProjectDetails.js","87","6","no-var","Unexpected var, use let or const instead.","https://eslint.org/docs/latest/rules/no-var","suggestion","eslint-lwc"
"182","2","1","/home/runner/work/DevVillaTest2/DevVillaTest2/force-app/main/default/lwc/fetchProjectDetails/fetchProjectDetails.js","87","21","space-infix-ops","Operator '=' must be spaced.","https://eslint.org/docs/latest/rules/space-infix-ops","layout","eslint-lwc"
"183","2","1","/home/runner/work/DevVillaTest2/DevVillaTest2/force-app/main/default/lwc/fetchProjectDetails/fetchProjectDetails.js","88","1","indent","Expected indentation of 12 spaces but found 8.","https://eslint.org/docs/latest/rules/indent","layout","eslint-lwc"
"184","2","1","/home/runner/work/DevVillaTest2/DevVillaTest2/force-app/main/default/lwc/fetchProjectDetails/fetchProjectDetails.js","88","9","quote-props","Unquoted property 'projectName' found.","https://eslint.org/docs/latest/rules/quote-props","suggestion","eslint-lwc"
"185","2","1","/home/runner/work/DevVillaTest2/DevVillaTest2/force-app/main/default/lwc/fetchProjectDetails/fetchProjectDetails.js","89","1","indent","Expected indentation of 12 spaces but found 8.","https://eslint.org/docs/latest/rules/indent","layout","eslint-lwc"
"186","2","1","/home/runner/work/DevVillaTest2/DevVillaTest2/force-app/main/default/lwc/fetchProjectDetails/fetchProjectDetails.js","89","9","quote-props","Unquoted property 'orgEmail' found.","https://eslint.org/docs/latest/rules/quote-props","suggestion","eslint-lwc"
"187","2","1","/home/runner/work/DevVillaTest2/DevVillaTest2/force-app/main/default/lwc/fetchProjectDetails/fetchProjectDetails.js","89","9","sort-keys","Expected object keys to be in ascending order. 'orgEmail' should be before 'projectName'.","https://eslint.org/docs/latest/rules/sort-keys","suggestion","eslint-lwc"
"188","2","1","/home/runner/work/DevVillaTest2/DevVillaTest2/force-app/main/default/lwc/fetchProjectDetails/fetchProjectDetails.js","89","18","key-spacing","Missing space before value for key 'orgEmail'.","https://eslint.org/docs/latest/rules/key-spacing","layout","eslint-lwc"
"189","2","1","/home/runner/work/DevVillaTest2/DevVillaTest2/force-app/main/default/lwc/fetchProjectDetails/fetchProjectDetails.js","90","1","indent","Expected indentation of 12 spaces but found 8.","https://eslint.org/docs/latest/rules/indent","layout","eslint-lwc"
"190","2","1","/home/runner/work/DevVillaTest2/DevVillaTest2/force-app/main/default/lwc/fetchProjectDetails/fetchProjectDetails.js","90","9","quote-props","Unquoted property 'orgUsername' found.","https://eslint.org/docs/latest/rules/quote-props","suggestion","eslint-lwc"
"191","2","1","/home/runner/work/DevVillaTest2/DevVillaTest2/force-app/main/default/lwc/fetchProjectDetails/fetchProjectDetails.js","90","21","key-spacing","Missing space before value for key 'orgUsername'.","https://eslint.org/docs/latest/rules/key-spacing","layout","eslint-lwc"
"192","2","1","/home/runner/work/DevVillaTest2/DevVillaTest2/force-app/main/default/lwc/fetchProjectDetails/fetchProjectDetails.js","91","1","indent","Expected indentation of 12 spaces but found 8.","https://eslint.org/docs/latest/rules/indent","layout","eslint-lwc"
"193","2","1","/home/runner/work/DevVillaTest2/DevVillaTest2/force-app/main/default/lwc/fetchProjectDetails/fetchProjectDetails.js","91","9","quote-props","Unquoted property 'privateKeyFileId' found.","https://eslint.org/docs/latest/rules/quote-props","suggestion","eslint-lwc"
"194","2","1","/home/runner/work/DevVillaTest2/DevVillaTest2/force-app/main/default/lwc/fetchProjectDetails/fetchProjectDetails.js","91","26","key-spacing","Missing space before value for key 'privateKeyFileId'.","https://eslint.org/docs/latest/rules/key-spacing","layout","eslint-lwc"
"195","2","1","/home/runner/work/DevVillaTest2/DevVillaTest2/force-app/main/default/lwc/fetchProjectDetails/fetchProjectDetails.js","92","1","indent","Expected indentation of 12 spaces but found 8.","https://eslint.org/docs/latest/rules/indent","layout","eslint-lwc"
"196","2","1","/home/runner/work/DevVillaTest2/DevVillaTest2/force-app/main/default/lwc/fetchProjectDetails/fetchProjectDetails.js","92","9","quote-props","Unquoted property 'orgclientId' found.","https://eslint.org/docs/latest/rules/quote-props","suggestion","eslint-lwc"
"197","2","1","/home/runner/work/DevVillaTest2/DevVillaTest2/force-app/main/default/lwc/fetchProjectDetails/fetchProjectDetails.js","92","9","sort-keys","Expected object keys to be in ascending order. 'orgclientId' should be before 'privateKeyFileId'.","https://eslint.org/docs/latest/rules/sort-keys","suggestion","eslint-lwc"
"198","2","1","/home/runner/work/DevVillaTest2/DevVillaTest2/force-app/main/default/lwc/fetchProjectDetails/fetchProjectDetails.js","92","21","key-spacing","Missing space before value for key 'orgclientId'.","https://eslint.org/docs/latest/rules/key-spacing","layout","eslint-lwc"
"199","2","1","/home/runner/work/DevVillaTest2/DevVillaTest2/force-app/main/default/lwc/fetchProjectDetails/fetchProjectDetails.js","92","34","comma-dangle","Unexpected trailing comma.","https://eslint.org/docs/latest/rules/comma-dangle","layout","eslint-lwc"
"200","2","1","/home/runner/work/DevVillaTest2/DevVillaTest2/force-app/main/default/lwc/fetchProjectDetails/fetchProjectDetails.js","92","35","no-trailing-spaces","Trailing spaces not allowed.","https://eslint.org/docs/latest/rules/no-trailing-spaces","layout","eslint-lwc"
"201","2","1","/home/runner/work/DevVillaTest2/DevVillaTest2/force-app/main/default/lwc/fetchProjectDetails/fetchProjectDetails.js","93","1","indent","Expected indentation of 8 spaces but found 5.","https://eslint.org/docs/latest/rules/indent","layout","eslint-lwc"
"202","2","1","/home/runner/work/DevVillaTest2/DevVillaTest2/force-app/main/default/lwc/fetchProjectDetails/fetchProjectDetails.js","94","1","indent","Expected indentation of 8 spaces but found 5.","https://eslint.org/docs/latest/rules/indent","layout","eslint-lwc"
"203","2","1","/home/runner/work/DevVillaTest2/DevVillaTest2/force-app/main/default/lwc/fetchProjectDetails/fetchProjectDetails.js","94","6","no-console","Unexpected console statement.","https://eslint.org/docs/latest/rules/no-console","suggestion","eslint-lwc"
"204","2","1","/home/runner/work/DevVillaTest2/DevVillaTest2/force-app/main/default/lwc/fetchProjectDetails/fetchProjectDetails.js","94","18","prefer-template","Unexpected string concatenation.","https://eslint.org/docs/latest/rules/prefer-template","suggestion","eslint-lwc"
"205","2","1","/home/runner/work/DevVillaTest2/DevVillaTest2/force-app/main/default/lwc/fetchProjectDetails/fetchProjectDetails.js","94","18","quotes","Strings must use doublequote.","https://eslint.org/docs/latest/rules/quotes","layout","eslint-lwc"
"206","2","1","/home/runner/work/DevVillaTest2/DevVillaTest2/force-app/main/default/lwc/fetchProjectDetails/fetchProjectDetails.js","94","33","space-infix-ops","Operator '+' must be spaced.","https://eslint.org/docs/latest/rules/space-infix-ops","layout","eslint-lwc"
"207","2","1","/home/runner/work/DevVillaTest2/DevVillaTest2/force-app/main/default/lwc/fetchProjectDetails/fetchProjectDetails.js","95","1","indent","Expected indentation of 8 spaces but found 5.","https://eslint.org/docs/latest/rules/indent","layout","eslint-lwc"
"208","2","1","/home/runner/work/DevVillaTest2/DevVillaTest2/force-app/main/default/lwc/fetchProjectDetails/fetchProjectDetails.js","95","6","no-whitespace-before-property","Unexpected whitespace before property catch.","https://eslint.org/docs/latest/rules/no-whitespace-before-property","layout","eslint-lwc"
"209","2","1","/home/runner/work/DevVillaTest2/DevVillaTest2/force-app/main/default/lwc/fetchProjectDetails/fetchProjectDetails.js","95","30","quote-props","Unquoted property 'cd' found.","https://eslint.org/docs/latest/rules/quote-props","suggestion","eslint-lwc"
"210","2","1","/home/runner/work/DevVillaTest2/DevVillaTest2/force-app/main/default/lwc/fetchProjectDetails/fetchProjectDetails.js","95","33","key-spacing","Missing space before value for key 'cd'.","https://eslint.org/docs/latest/rules/key-spacing","layout","eslint-lwc"
"211","2","1","/home/runner/work/DevVillaTest2/DevVillaTest2/force-app/main/default/lwc/fetchProjectDetails/fetchProjectDetails.js","95","62","no-trailing-spaces","Trailing spaces not allowed.","https://eslint.org/docs/latest/rules/no-trailing-spaces","layout","eslint-lwc"
"212","2","1","/home/runner/work/DevVillaTest2/DevVillaTest2/force-app/main/default/lwc/fetchProjectDetails/fetchProjectDetails.js","96","1","indent","Expected indentation of 12 spaces but found 8.","https://eslint.org/docs/latest/rules/indent","layout","eslint-lwc"
"213","2","1","/home/runner/work/DevVillaTest2/DevVillaTest2/force-app/main/default/lwc/fetchProjectDetails/fetchProjectDetails.js","96","9","dot-location","Expected dot to be on same line as object.","https://eslint.org/docs/latest/rules/dot-location","layout","eslint-lwc"
"214","2","1","/home/runner/work/DevVillaTest2/DevVillaTest2/force-app/main/default/lwc/fetchProjectDetails/fetchProjectDetails.js","96","15","arrow-parens","Expected parentheses around arrow function argument.","https://eslint.org/docs/latest/rules/arrow-parens","layout","eslint-lwc"
"215","2","1","/home/runner/work/DevVillaTest2/DevVillaTest2/force-app/main/default/lwc/fetchProjectDetails/fetchProjectDetails.js","96","15","no-unused-vars","'result' is defined but never used.","https://eslint.org/docs/latest/rules/no-unused-vars","problem","eslint-lwc"
"216","2","1","/home/runner/work/DevVillaTest2/DevVillaTest2/force-app/main/default/lwc/fetchProjectDetails/fetchProjectDetails.js","96","25","padded-blocks","Block must be padded by blank lines.","https://eslint.org/docs/latest/rules/padded-blocks","layout","eslint-lwc"
"217","2","1","/home/runner/work/DevVillaTest2/DevVillaTest2/force-app/main/default/lwc/fetchProjectDetails/fetchProjectDetails.js","97","1","indent","Expected indentation of 16 spaces but found 12.","https://eslint.org/docs/latest/rules/indent","layout","eslint-lwc"
"218","2","1","/home/runner/work/DevVillaTest2/DevVillaTest2/force-app/main/default/lwc/fetchProjectDetails/fetchProjectDetails.js","97","13","no-console","Unexpected console statement.","https://eslint.org/docs/latest/rules/no-console","suggestion","eslint-lwc"
"219","2","1","/home/runner/work/DevVillaTest2/DevVillaTest2/force-app/main/default/lwc/fetchProjectDetails/fetchProjectDetails.js","97","25","prefer-template","Unexpected string concatenation.","https://eslint.org/docs/latest/rules/prefer-template","suggestion","eslint-lwc"
"220","2","1","/home/runner/work/DevVillaTest2/DevVillaTest2/force-app/main/default/lwc/fetchProjectDetails/fetchProjectDetails.js","97","25","quotes","Strings must use doublequote.","https://eslint.org/docs/latest/rules/quotes","layout","eslint-lwc"
"221","2","1","/home/runner/work/DevVillaTest2/DevVillaTest2/force-app/main/default/lwc/fetchProjectDetails/fetchProjectDetails.js","97","34","space-infix-ops","Operator '+' must be spaced.","https://eslint.org/docs/latest/rules/space-infix-ops","layout","eslint-lwc"
"222","2","1","/home/runner/work/DevVillaTest2/DevVillaTest2/force-app/main/default/lwc/fetchProjectDetails/fetchProjectDetails.js","98","1","indent","Expected indentation of 16 spaces but found 12.","https://eslint.org/docs/latest/rules/indent","layout","eslint-lwc"
"223","2","1","/home/runner/work/DevVillaTest2/DevVillaTest2/force-app/main/default/lwc/fetchProjectDetails/fetchProjectDetails.js","98","17","prefer-const","'titleText' is never reassigned. Use 'const' instead.","https://eslint.org/docs/latest/rules/prefer-const","suggestion","eslint-lwc"
"224","2","1","/home/runner/work/DevVillaTest2/DevVillaTest2/force-app/main/default/lwc/fetchProjectDetails/fetchProjectDetails.js","98","29","quotes","Strings must use doublequote.","https://eslint.org/docs/latest/rules/quotes","layout","eslint-lwc"
"225","2","1","/home/runner/work/DevVillaTest2/DevVillaTest2/force-app/main/default/lwc/fetchProjectDetails/fetchProjectDetails.js","99","1","indent","Expected indentation of 16 spaces but found 12.","https://eslint.org/docs/latest/rules/indent","layout","eslint-lwc"
"226","2","1","/home/runner/work/DevVillaTest2/DevVillaTest2/force-app/main/default/lwc/fetchProjectDetails/fetchProjectDetails.js","100","1","indent","Expected indentation of 16 spaces but found 12.","https://eslint.org/docs/latest/rules/indent","layout","eslint-lwc"
"227","2","1","/home/runner/work/DevVillaTest2/DevVillaTest2/force-app/main/default/lwc/fetchProjectDetails/fetchProjectDetails.js","101","1","indent","Expected indentation of 16 spaces but found 12.","https://eslint.org/docs/latest/rules/indent","layout","eslint-lwc"
"228","2","1","/home/runner/work/DevVillaTest2/DevVillaTest2/force-app/main/default/lwc/fetchProjectDetails/fetchProjectDetails.js","101","29","space-infix-ops","Operator '=' must be spaced.","https://eslint.org/docs/latest/rules/space-infix-ops","layout","eslint-lwc"
"229","2","1","/home/runner/work/DevVillaTest2/DevVillaTest2/force-app/main/default/lwc/fetchProjectDetails/fetchProjectDetails.js","101","37","padded-blocks","Block must be padded by blank lines.","https://eslint.org/docs/latest/rules/padded-blocks","layout","eslint-lwc"
"230","2","1","/home/runner/work/DevVillaTest2/DevVillaTest2/force-app/main/default/lwc/fetchProjectDetails/fetchProjectDetails.js","102","1","indent","Expected indentation of 12 spaces but found 8.","https://eslint.org/docs/latest/rules/indent","layout","eslint-lwc"
"231","2","1","/home/runner/work/DevVillaTest2/DevVillaTest2/force-app/main/default/lwc/fetchProjectDetails/fetchProjectDetails.js","102","12","newline-per-chained-call","Expected line break before `.catch`.","https://eslint.org/docs/latest/rules/newline-per-chained-call","layout","eslint-lwc"
"232","2","1","/home/runner/work/DevVillaTest2/DevVillaTest2/force-app/main/default/lwc/fetchProjectDetails/fetchProjectDetails.js","102","19","arrow-parens","Expected parentheses around arrow function argument.","https://eslint.org/docs/latest/rules/arrow-parens","layout","eslint-lwc"
"233","2","1","/home/runner/work/DevVillaTest2/DevVillaTest2/force-app/main/default/lwc/fetchProjectDetails/fetchProjectDetails.js","102","28","padded-blocks","Block must be padded by blank lines.","https://eslint.org/docs/latest/rules/padded-blocks","layout","eslint-lwc"
"234","2","1","/home/runner/work/DevVillaTest2/DevVillaTest2/force-app/main/default/lwc/fetchProjectDetails/fetchProjectDetails.js","103","1","indent","Expected indentation of 16 spaces but found 12.","https://eslint.org/docs/latest/rules/indent","layout","eslint-lwc"
"235","2","1","/home/runner/work/DevVillaTest2/DevVillaTest2/force-app/main/default/lwc/fetchProjectDetails/fetchProjectDetails.js","103","13","no-console","Unexpected console statement.","https://eslint.org/docs/latest/rules/no-console","suggestion","eslint-lwc"
"236","2","1","/home/runner/work/DevVillaTest2/DevVillaTest2/force-app/main/default/lwc/fetchProjectDetails/fetchProjectDetails.js","104","1","indent","Expected indentation of 16 spaces but found 12.","https://eslint.org/docs/latest/rules/indent","layout","eslint-lwc"
"237","2","1","/home/runner/work/DevVillaTest2/DevVillaTest2/force-app/main/default/lwc/fetchProjectDetails/fetchProjectDetails.js","105","1","indent","Expected indentation of 16 spaces but found 12.","https://eslint.org/docs/latest/rules/indent","layout","eslint-lwc"
"238","2","1","/home/runner/work/DevVillaTest2/DevVillaTest2/force-app/main/default/lwc/fetchProjectDetails/fetchProjectDetails.js","105","29","space-infix-ops","Operator '=' must be spaced.","https://eslint.org/docs/latest/rules/space-infix-ops","layout","eslint-lwc"
"239","2","1","/home/runner/work/DevVillaTest2/DevVillaTest2/force-app/main/default/lwc/fetchProjectDetails/fetchProjectDetails.js","105","37","padded-blocks","Block must be padded by blank lines.","https://eslint.org/docs/latest/rules/padded-blocks","layout","eslint-lwc"
"240","2","1","/home/runner/work/DevVillaTest2/DevVillaTest2/force-app/main/default/lwc/fetchProjectDetails/fetchProjectDetails.js","106","1","indent","Expected indentation of 12 spaces but found 8.","https://eslint.org/docs/latest/rules/indent","layout","eslint-lwc"
"241","2","1","/home/runner/work/DevVillaTest2/DevVillaTest2/force-app/main/default/lwc/fetchProjectDetails/fetchProjectDetails.js","106","12","no-trailing-spaces","Trailing spaces not allowed.","https://eslint.org/docs/latest/rules/no-trailing-spaces","layout","eslint-lwc"
"242","2","1","/home/runner/work/DevVillaTest2/DevVillaTest2/force-app/main/default/lwc/fetchProjectDetails/fetchProjectDetails.js","107","1","no-trailing-spaces","Trailing spaces not allowed.","https://eslint.org/docs/latest/rules/no-trailing-spaces","layout","eslint-lwc"
"243","2","1","/home/runner/work/DevVillaTest2/DevVillaTest2/force-app/main/default/lwc/fetchProjectDetails/fetchProjectDetails.js","110","5","lines-between-class-members","Expected blank line between class members.","https://eslint.org/docs/latest/rules/lines-between-class-members","layout","eslint-lwc"
"244","2","1","/home/runner/work/DevVillaTest2/DevVillaTest2/force-app/main/default/lwc/fetchProjectDetails/fetchProjectDetails.js","110","10","space-before-function-paren","Missing space before function parentheses.","https://eslint.org/docs/latest/rules/space-before-function-paren","layout","eslint-lwc"
"245","2","1","/home/runner/work/DevVillaTest2/DevVillaTest2/force-app/main/default/lwc/fetchProjectDetails/fetchProjectDetails.js","110","21","padded-blocks","Block must be padded by blank lines.","https://eslint.org/docs/latest/rules/padded-blocks","layout","eslint-lwc"
"246","2","1","/home/runner/work/DevVillaTest2/DevVillaTest2/force-app/main/default/lwc/fetchProjectDetails/fetchProjectDetails.js","110","21","space-before-blocks","Missing space before opening brace.","https://eslint.org/docs/latest/rules/space-before-blocks","layout","eslint-lwc"
"247","2","1","/home/runner/work/DevVillaTest2/DevVillaTest2/force-app/main/default/lwc/fetchProjectDetails/fetchProjectDetails.js","112","13","quote-props","Unquoted property 'title' found.","https://eslint.org/docs/latest/rules/quote-props","suggestion","eslint-lwc"
"248","2","1","/home/runner/work/DevVillaTest2/DevVillaTest2/force-app/main/default/lwc/fetchProjectDetails/fetchProjectDetails.js","112","19","key-spacing","Missing space before value for key 'title'.","https://eslint.org/docs/latest/rules/key-spacing","layout","eslint-lwc"
"249","2","1","/home/runner/work/DevVillaTest2/DevVillaTest2/force-app/main/default/lwc/fetchProjectDetails/fetchProjectDetails.js","112","34","no-trailing-spaces","Trailing spaces not allowed.","https://eslint.org/docs/latest/rules/no-trailing-spaces","layout","eslint-lwc"
"250","2","1","/home/runner/work/DevVillaTest2/DevVillaTest2/force-app/main/default/lwc/fetchProjectDetails/fetchProjectDetails.js","113","13","quote-props","Unquoted property 'message' found.","https://eslint.org/docs/latest/rules/quote-props","suggestion","eslint-lwc"
"251","2","1","/home/runner/work/DevVillaTest2/DevVillaTest2/force-app/main/default/lwc/fetchProjectDetails/fetchProjectDetails.js","113","13","sort-keys","Expected object keys to be in ascending order. 'message' should be before 'title'.","https://eslint.org/docs/latest/rules/sort-keys","suggestion","eslint-lwc"
"252","2","1","/home/runner/work/DevVillaTest2/DevVillaTest2/force-app/main/default/lwc/fetchProjectDetails/fetchProjectDetails.js","113","21","key-spacing","Missing space before value for key 'message'.","https://eslint.org/docs/latest/rules/key-spacing","layout","eslint-lwc"
"253","2","1","/home/runner/work/DevVillaTest2/DevVillaTest2/force-app/main/default/lwc/fetchProjectDetails/fetchProjectDetails.js","113","21","quotes","Strings must use doublequote.","https://eslint.org/docs/latest/rules/quotes","layout","eslint-lwc"
"254","2","1","/home/runner/work/DevVillaTest2/DevVillaTest2/force-app/main/default/lwc/fetchProjectDetails/fetchProjectDetails.js","114","13","quote-props","Unquoted property 'variant' found.","https://eslint.org/docs/latest/rules/quote-props","suggestion","eslint-lwc"
"255","2","1","/home/runner/work/DevVillaTest2/DevVillaTest2/force-app/main/default/lwc/fetchProjectDetails/fetchProjectDetails.js","114","21","key-spacing","Missing space before value for key 'variant'.","https://eslint.org/docs/latest/rules/key-spacing","layout","eslint-lwc"
"256","2","1","/home/runner/work/DevVillaTest2/DevVillaTest2/force-app/main/default/lwc/fetchProjectDetails/fetchProjectDetails.js","114","21","quotes","Strings must use doublequote.","https://eslint.org/docs/latest/rules/quotes","layout","eslint-lwc"
"257","2","1","/home/runner/work/DevVillaTest2/DevVillaTest2/force-app/main/default/lwc/fetchProjectDetails/fetchProjectDetails.js","114","30","comma-dangle","Unexpected trailing comma.","https://eslint.org/docs/latest/rules/comma-dangle","layout","eslint-lwc"
"258","2","1","/home/runner/work/DevVillaTest2/DevVillaTest2/force-app/main/default/lwc/fetchProjectDetails/fetchProjectDetails.js","116","33","padded-blocks","Block must be padded by blank lines.","https://eslint.org/docs/latest/rules/padded-blocks","layout","eslint-lwc"
"259","2","1","/home/runner/work/DevVillaTest2/DevVillaTest2/force-app/main/default/lwc/fetchProjectDetails/fetchProjectDetails.js","118","5","lines-between-class-members","Expected blank line between class members.","https://eslint.org/docs/latest/rules/lines-between-class-members","layout","eslint-lwc"
"260","2","1","/home/runner/work/DevVillaTest2/DevVillaTest2/force-app/main/default/lwc/fetchProjectDetails/fetchProjectDetails.js","118","16","space-before-function-paren","Missing space before function parentheses.","https://eslint.org/docs/latest/rules/space-before-function-paren","layout","eslint-lwc"
"261","2","1","/home/runner/work/DevVillaTest2/DevVillaTest2/force-app/main/default/lwc/fetchProjectDetails/fetchProjectDetails.js","118","18","padded-blocks","Block must be padded by blank lines.","https://eslint.org/docs/latest/rules/padded-blocks","layout","eslint-lwc"
"262","2","1","/home/runner/work/DevVillaTest2/DevVillaTest2/force-app/main/default/lwc/fetchProjectDetails/fetchProjectDetails.js","118","18","space-before-blocks","Missing space before opening brace.","https://eslint.org/docs/latest/rules/space-before-blocks","layout","eslint-lwc"
"263","2","1","/home/runner/work/DevVillaTest2/DevVillaTest2/force-app/main/default/lwc/fetchProjectDetails/fetchProjectDetails.js","119","40","quotes","Strings must use doublequote.","https://eslint.org/docs/latest/rules/quotes","layout","eslint-lwc"
"264","2","1","/home/runner/work/DevVillaTest2/DevVillaTest2/force-app/main/default/lwc/fetchProjectDetails/fetchProjectDetails.js","119","67","arrow-parens","Expected parentheses around arrow function argument.","https://eslint.org/docs/latest/rules/arrow-parens","layout","eslint-lwc"
"265","2","1","/home/runner/work/DevVillaTest2/DevVillaTest2/force-app/main/default/lwc/fetchProjectDetails/fetchProjectDetails.js","119","78","padded-blocks","Block must be padded by blank lines.","https://eslint.org/docs/latest/rules/padded-blocks","layout","eslint-lwc"
"266","2","1","/home/runner/work/DevVillaTest2/DevVillaTest2/force-app/main/default/lwc/fetchProjectDetails/fetchProjectDetails.js","120","1","indent","Expected indentation of 12 spaces but found 14.","https://eslint.org/docs/latest/rules/indent","layout","eslint-lwc"
"267","2","1","/home/runner/work/DevVillaTest2/DevVillaTest2/force-app/main/default/lwc/fetchProjectDetails/fetchProjectDetails.js","121","1","no-trailing-spaces","Trailing spaces not allowed.","https://eslint.org/docs/latest/rules/no-trailing-spaces","layout","eslint-lwc"
"268","2","1","/home/runner/work/DevVillaTest2/DevVillaTest2/force-app/main/default/lwc/fetchProjectDetails/fetchProjectDetails.js","122","1","indent","Expected indentation of 8 spaces but found 4.","https://eslint.org/docs/latest/rules/indent","layout","eslint-lwc"
"269","2","1","/home/runner/work/DevVillaTest2/DevVillaTest2/force-app/main/default/lwc/fetchProjectDetails/fetchProjectDetails.js","122","8","padded-blocks","Block must be padded by blank lines.","https://eslint.org/docs/latest/rules/padded-blocks","layout","eslint-lwc"
"270","2","1","/home/runner/work/DevVillaTest2/DevVillaTest2/force-app/main/default/lwc/fetchProjectDetails/fetchProjectDetails.js","123","1","indent","Expected indentation of 4 spaces but found 0.","https://eslint.org/docs/latest/rules/indent","layout","eslint-lwc"
"271","2","1","/home/runner/work/DevVillaTest2/DevVillaTest2/force-app/main/default/lwc/fetchProjectDetails/fetchProjectDetails.js","124","1","no-trailing-spaces","Trailing spaces not allowed.","https://eslint.org/docs/latest/rules/no-trailing-spaces","layout","eslint-lwc"
"272","2","1","/home/runner/work/DevVillaTest2/DevVillaTest2/force-app/main/default/lwc/fetchProjectDetails/fetchProjectDetails.js","125","1","no-trailing-spaces","Trailing spaces not allowed.","https://eslint.org/docs/latest/rules/no-trailing-spaces","layout","eslint-lwc"
"273","2","1","/home/runner/work/DevVillaTest2/DevVillaTest2/force-app/main/default/lwc/fetchProjectDetails/fetchProjectDetails.js","126","2","eol-last","Newline required at end of file but not found.","https://eslint.org/docs/latest/rules/eol-last","layout","eslint-lwc"
